게시일,광고명,게시물 링크,광고 팔로우
2026-09-27,0929_에르메스,https://www.instagram.com/p/DdymYE7D7Az/,
2026-09-25,0929_넥슨,https://www.instagram.com/p/DdsjY9gjz5N/,
2026-09-24,0924_마리트,https://www.instagram.com/p/DdqcXj2j18m/,
2026-09-21,0922_모두닥,https://www.instagram.com/p/DdjBdyRj3rt/,
2026-09-18,0918_신세계,https://www.instagram.com/p/Dda0cInD2MM/,
2026-09-17,0917_cj,https://www.instagram.com/p/DdYiH28j1FQ/,
2026-09-09,0910_삼성,https://www.instagram.com/p/DdDY1JQD-x9/,
2026-09-08,0908_HSAD,https://www.instagram.com/p/Dc_d4DQj3YV/,
2026-09-02,0903_포스코,https://www.instagram.com/p/DcyQWsyj6yP/,
2026-09-01,0902_LG생건,https://www.instagram.com/p/Dcvtc3ej7Hx/,
2026-08-31,0901_에이피알,https://www.instagram.com/p/DctP-4xj5ZG/,
2026-08-28,0829_현대자동차,https://www.instagram.com/p/DcksojSj16n/,
2026-08-26,0828_SKT,https://www.instagram.com/p/DcgVRtpD7JT/,
2026-08-24,0825_신세계,https://www.instagram.com/p/DcavF3lj4uZ/,
2026-08-24,0824_imbc,https://www.instagram.com/p/DcYxfIcj3KW/,
2026-08-21,0822_한화금융,https://www.instagram.com/p/DcThwo7j53n/,
2026-08-20,0820_하이닉스,https://www.instagram.com/p/DcQvtIEgeJK/,
2026-08-20,0820_카뱅,https://www.instagram.com/p/DcQNnizgUg7/,
2026-08-18,0819_코오롱,https://www.instagram.com/p/DcLRchjj1yA/,
2026-08-10,kt&g,https://www.instagram.com/p/Db3KU_Jj4ra/,
2026-08-05,0806 한영,https://www.instagram.com/p/Dbp8BgTj7zR/,
2026-08-03,0806 네클 마케팅,https://www.instagram.com/p/Dbk-pJYD8mI/,
2026-08-03,0806 챌린저스,https://www.instagram.com/p/DbitHc6D79P/,
2026-07-13,애경산업,https://www.instagram.com/p/DasptYGD_0O/,
2026-07-05,0705 하이브,https://www.instagram.com/p/DaZkMffD_iR/,
2026-07-04,트 0705 테슬라,https://www.instagram.com/p/DaYAUnaD9rb/,
2026-07-02,CJ자소서문항모음,https://www.instagram.com/p/DaR475vj_S8/,
2026-06-28,카카오페이,https://www.instagram.com/p/DaIPnRfD2gw/,
2026-06-24,CJ프레시웨이,https://www.instagram.com/p/DZ-BF7BsBe2/,
2026-06-23,샘표식품,https://www.instagram.com/p/DZ7B2q1j9lL/,
2026-06-20,뷰티 브랜드 모음,https://www.instagram.com/p/DZz9lFdj-tu/,
2026-06-15,네이버 인턴십,https://www.instagram.com/p/DZnEU77D41J/,
2026-06-13,그라운드시소,https://www.instagram.com/p/DZg1DmEj__x/,
2026-06-06,대학내일,https://www.instagram.com/p/DZNY3ZYDwIg/,
2026-06-03,대홍기획,https://www.instagram.com/p/DZIHIy3jwQw/,
2026-05-26,아이샵케어콘마,https://www.instagram.com/p/DYy8HOID_pR/,
2026-05-25,모두닥 채용 운영/기획 인턴,https://www.instagram.com/p/DYxAucVj6qk/,
2026-05-20,오뚜기,https://www.instagram.com/p/DYjepQ0j7fI/,
2026-05-19,시세이도,https://www.instagram.com/p/DYheHQ9j7mH/,
2026-05-15,디즈니,https://www.instagram.com/p/DYXN9LRDze3/,
2026-05-15,대한항공,https://www.instagram.com/p/DYWFChFDwXd/,
2026-05-14,sm엔터,https://www.instagram.com/p/DYUrvmPD_11/,
2026-05-13,당근,https://www.instagram.com/p/DYRUDX8jzQF/,
2026-05-12,카카오뱅크,https://www.instagram.com/p/DYPYKqrDw7G/,
2026-05-04,바이오던스 인턴,https://www.instagram.com/p/DX63ZGWD2IC/,
2026-04-28,SK 계열사 공고,https://www.instagram.com/p/DXrPuFjjwbM/,
2026-04-27,카카오 어시스턴트,https://www.instagram.com/p/DXo2UNND7Rj/,
